,ncbi,organism,pubmed
53,ftp://ftp.ncbi.nlm.nih.gov/genomes/all/GCA_000006665.1_ASM666v1,ece,http://www.ncbi.nlm.nih.gov/pubmed/11206551
54,ftp://ftp.ncbi.nlm.nih.gov/genomes/all/GCF_000008865.1_ASM886v1,ecs,http://www.ncbi.nlm.nih.gov/pubmed/11258796
56,ftp://ftp.ncbi.nlm.nih.gov/genomes/all/GCA_000022225.1_ASM2222v1,etw,http://www.ncbi.nlm.nih.gov/pubmed/19564389
57,ftp://ftp.ncbi.nlm.nih.gov/genomes/all/GCA_000262125.1_ASM26212v1,elx,http://www.ncbi.nlm.nih.gov/pubmed/22558360
60,ftp://ftp.ncbi.nlm.nih.gov/genomes/all/GCA_000010745.1_ASM1074v1,eoh,http://www.ncbi.nlm.nih.gov/pubmed/19815525
63,ftp://ftp.ncbi.nlm.nih.gov/genomes/all/GCA_000245515.1_ASM24551v1,elr,http://www.ncbi.nlm.nih.gov/pubmed/22328665
64,ftp://ftp.ncbi.nlm.nih.gov/genomes/all/GCA_000007445.1_ASM744v1,ecc,http://www.ncbi.nlm.nih.gov/pubmed/12471157
65,ftp://ftp.ncbi.nlm.nih.gov/genomes/all/GCA_000013305.1_ASM1330v1,ecp,http://www.ncbi.nlm.nih.gov/pubmed/16879640
66,ftp://ftp.ncbi.nlm.nih.gov/genomes/all/GCA_000013265.1_ASM1326v1,eci,http://www.ncbi.nlm.nih.gov/pubmed/16585510
67,ftp://ftp.ncbi.nlm.nih.gov/genomes/all/GCA_000014845.1_ASM1484v1,ecv,http://www.ncbi.nlm.nih.gov/pubmed/17293413
68,ftp://ftp.ncbi.nlm.nih.gov/genomes/all/GCA_000017765.1_ASM1776v1,ecx,http://www.ncbi.nlm.nih.gov/pubmed/18676672
69,ftp://ftp.ncbi.nlm.nih.gov/genomes/all/GCA_000017745.1_ASM1774v1,ecw,http://www.ncbi.nlm.nih.gov/pubmed/18676672
71,ftp://ftp.ncbi.nlm.nih.gov/genomes/all/GCA_000010385.1_ASM1038v1,ecy,http://www.ncbi.nlm.nih.gov/pubmed/18931093
72,ftp://ftp.ncbi.nlm.nih.gov/genomes/all/GCA_000026265.1_ASM2626v1,ecr,http://www.ncbi.nlm.nih.gov/pubmed/19165319
73,ftp://ftp.ncbi.nlm.nih.gov/genomes/all/GCA_000026305.1_ASM2630v1,ecq,http://www.ncbi.nlm.nih.gov/pubmed/19165319
74,ftp://ftp.ncbi.nlm.nih.gov/genomes/all/GCA_000026245.1_ASM2624v1,eck,http://www.ncbi.nlm.nih.gov/pubmed/19165319
77,ftp://ftp.ncbi.nlm.nih.gov/genomes/all/GCF_000026325.1_ASM2632v1,eum,http://www.ncbi.nlm.nih.gov/pubmed/19165319
78,ftp://ftp.ncbi.nlm.nih.gov/genomes/all/GCA_000026285.1_ASM2628v1,ecz,http://www.ncbi.nlm.nih.gov/pubmed/19165319
79,ftp://ftp.ncbi.nlm.nih.gov/genomes/all/GCA_000027125.1_ASM2712v1,elo,http://www.ncbi.nlm.nih.gov/pubmed/20098708
80,ftp://ftp.ncbi.nlm.nih.gov/genomes/all/GCF_000183345.1_ASM18334v1,eln,http://www.ncbi.nlm.nih.gov/pubmed/21108814
82,ftp://ftp.ncbi.nlm.nih.gov/genomes/all/GCA_000010485.1_ASM1048v1,ese,http://www.ncbi.nlm.nih.gov/pubmed/20008064
83,ftp://ftp.ncbi.nlm.nih.gov/genomes/all/GCA_000299475.1_ASM29947v1,eso,http://www.ncbi.nlm.nih.gov/pubmed/23133618
84,ftp://ftp.ncbi.nlm.nih.gov/genomes/all/GCA_000299255.1_ASM29925v1,esm,http://www.ncbi.nlm.nih.gov/pubmed/23133618
85,ftp://ftp.ncbi.nlm.nih.gov/genomes/all/GCF_000299455.1_ASM29945v1,esl,http://www.ncbi.nlm.nih.gov/pubmed/23133618
89,ftp://ftp.ncbi.nlm.nih.gov/genomes/all/GCA_000147855.3_ASM14785v3,eko,
90,ftp://ftp.ncbi.nlm.nih.gov/genomes/all/GCA_000258025.1_ASM25802v1,ekf,http://www.ncbi.nlm.nih.gov/pubmed/22075923
91,ftp://ftp.ncbi.nlm.nih.gov/genomes/all/GCA_000148365.1_ASM14836v1,eab,http://www.ncbi.nlm.nih.gov/pubmed/20865122
94,ftp://ftp.ncbi.nlm.nih.gov/genomes/all/GCA_000025745.1_ASM2574v1,eih,http://www.ncbi.nlm.nih.gov/pubmed/20439758
95,ftp://ftp.ncbi.nlm.nih.gov/genomes/all/GCA_000214765.2_ASM21476v2,ena,http://www.ncbi.nlm.nih.gov/pubmed/21685291
96,ftp://ftp.ncbi.nlm.nih.gov/genomes/all/GCA_000148605.1_ASM14860v1,elu,http://www.ncbi.nlm.nih.gov/pubmed/21075930
97,ftp://ftp.ncbi.nlm.nih.gov/genomes/all/GCA_000212715.2_ASM21271v2,eun,http://www.ncbi.nlm.nih.gov/pubmed/22081385
98,ftp://ftp.ncbi.nlm.nih.gov/genomes/all/GCA_000184185.1_ASM18418v1,elw,http://www.ncbi.nlm.nih.gov/pubmed/21208457
99,ftp://ftp.ncbi.nlm.nih.gov/genomes/all/GCA_000258145.1_ASM25814v1,ell,http://www.ncbi.nlm.nih.gov/pubmed/22075923
100,ftp://ftp.ncbi.nlm.nih.gov/genomes/all/GCA_000233895.1_ASM23389v1,elc,http://www.ncbi.nlm.nih.gov/pubmed/22046404
101,ftp://ftp.ncbi.nlm.nih.gov/genomes/all/GCA_000233875.1_ASM23387v1,eld,http://www.ncbi.nlm.nih.gov/pubmed/22046404
105,ftp://ftp.ncbi.nlm.nih.gov/genomes/all/GCA_000284495.1_ASM28449v1,elf,http://www.ncbi.nlm.nih.gov/pubmed/20862302
107,ftp://ftp.ncbi.nlm.nih.gov/genomes/all/GCA_000468515.1_ASM46851v1,ecol,http://www.ncbi.nlm.nih.gov/pubmed/25063650
108,ftp://ftp.ncbi.nlm.nih.gov/genomes/all/GCA_000493595.1_EcoPMV1,ecoi,http://www.ncbi.nlm.nih.gov/pubmed/24158560
109,ftp://ftp.ncbi.nlm.nih.gov/genomes/all/GCA_000493755.1_ASM49375v1,ecoj,http://www.ncbi.nlm.nih.gov/pubmed/24309736
112,ftp://ftp.ncbi.nlm.nih.gov/genomes/all/GCA_000026225.1_ASM2622v1,efe,http://www.ncbi.nlm.nih.gov/pubmed/19165319
117,ftp://ftp.ncbi.nlm.nih.gov/genomes/all/GCF_000006945.1_ASM694v1,stm,http://www.ncbi.nlm.nih.gov/pubmed/11677609
118,ftp://ftp.ncbi.nlm.nih.gov/genomes/all/GCA_000022165.1_ASM2216v1,seo,http://www.ncbi.nlm.nih.gov/pubmed/19897643
119,ftp://ftp.ncbi.nlm.nih.gov/genomes/all/GCA_000027025.1_ASM2702v1,sev,http://www.ncbi.nlm.nih.gov/pubmed/19901036
120,ftp://ftp.ncbi.nlm.nih.gov/genomes/all/GCA_000210855.2_ASM21085v2,sey,http://www.ncbi.nlm.nih.gov/pubmed/22538806
121,ftp://ftp.ncbi.nlm.nih.gov/genomes/all/GCA_000283735.1_ASM28373v1,sem,http://www.ncbi.nlm.nih.gov/pubmed/21098248
122,ftp://ftp.ncbi.nlm.nih.gov/genomes/all/GCA_000213635.1_ASM21363v1,sej,http://www.ncbi.nlm.nih.gov/pubmed/21622747
123,ftp://ftp.ncbi.nlm.nih.gov/genomes/all/GCA_000188735.1_ASM18873v1,seb,http://www.ncbi.nlm.nih.gov/pubmed/21478351
124,ftp://ftp.ncbi.nlm.nih.gov/genomes/all/GCA_000252875.1_ASM25287v1,sef,http://www.ncbi.nlm.nih.gov/pubmed/22937065
125,ftp://ftp.ncbi.nlm.nih.gov/genomes/all/GCA_000380325.1_ASM38032v1,setu,http://www.ncbi.nlm.nih.gov/pubmed/23887910
126,ftp://ftp.ncbi.nlm.nih.gov/genomes/all/GCA_000430145.3_ASM43014v3,setc,http://www.ncbi.nlm.nih.gov/pubmed/24356834
127,ftp://ftp.ncbi.nlm.nih.gov/genomes/all/GCA_000430165.1_ASM43016v1,seen,
128,ftp://ftp.ncbi.nlm.nih.gov/genomes/all/GCA_000493535.1_DT2,senr,http://www.ncbi.nlm.nih.gov/pubmed/23982073
131,ftp://ftp.ncbi.nlm.nih.gov/genomes/all/GCA_000011885.1_ASM1188v1,spt,http://www.ncbi.nlm.nih.gov/pubmed/15531882
132,ftp://ftp.ncbi.nlm.nih.gov/genomes/all/GCA_000026565.1_ASM2656v1,sek,http://www.ncbi.nlm.nih.gov/pubmed/19159446
134,ftp://ftp.ncbi.nlm.nih.gov/genomes/all/GCA_000018385.1_ASM1838v1,sei,http://www.ncbi.nlm.nih.gov/pubmed/19229335
136,ftp://ftp.ncbi.nlm.nih.gov/genomes/all/GCA_000020705.1_ASM2070v1,seh,http://www.ncbi.nlm.nih.gov/pubmed/21602358
137,ftp://ftp.ncbi.nlm.nih.gov/genomes/all/GCA_000258365.1_ASM25836v1,shb,http://www.ncbi.nlm.nih.gov/pubmed/22689230
138,ftp://ftp.ncbi.nlm.nih.gov/genomes/all/GCA_000430085.2_ASM43008v2,senh,http://www.ncbi.nlm.nih.gov/pubmed/24903882
139,ftp://ftp.ncbi.nlm.nih.gov/genomes/all/GCA_000430105.1_ASM43010v1,seeh,http://www.ncbi.nlm.nih.gov/pubmed/24732280
140,ftp://ftp.ncbi.nlm.nih.gov/genomes/all/GCA_000016045.1_ASM1604v1,see,http://www.ncbi.nlm.nih.gov/pubmed/21602358
141,ftp://ftp.ncbi.nlm.nih.gov/genomes/all/GCA_000442415.1_ASM44241v1,senn,
142,ftp://ftp.ncbi.nlm.nih.gov/genomes/all/GCA_000020745.1_ASM2074v1,sew,http://www.ncbi.nlm.nih.gov/pubmed/21602358
143,ftp://ftp.ncbi.nlm.nih.gov/genomes/all/GCA_000020885.1_ASM2088v1,sea,http://www.ncbi.nlm.nih.gov/pubmed/21602358
144,ftp://ftp.ncbi.nlm.nih.gov/genomes/all/GCA_000503845.1_ASM50384v1,sens,http://www.ncbi.nlm.nih.gov/pubmed/24459278
145,ftp://ftp.ncbi.nlm.nih.gov/genomes/all/GCA_000020925.1_ASM2092v1,sed,http://www.ncbi.nlm.nih.gov/pubmed/21602358
147,ftp://ftp.ncbi.nlm.nih.gov/genomes/all/GCA_000235545.1_ASM23554v1,sel,http://www.ncbi.nlm.nih.gov/pubmed/22247537
148,ftp://ftp.ncbi.nlm.nih.gov/genomes/all/GCA_000462995.1_ASM46299v1,sega,
156,ftp://ftp.ncbi.nlm.nih.gov/genomes/all/GCA_000430125.1_ASM43012v1,seec,http://www.ncbi.nlm.nih.gov/pubmed/25359917
160,ftp://ftp.ncbi.nlm.nih.gov/genomes/all/GCA_000473275.1_ASM47327v1,sene,http://www.ncbi.nlm.nih.gov/pubmed/24233585
161,ftp://ftp.ncbi.nlm.nih.gov/genomes/all/GCA_000486405.2_ASM48640v2,senc,http://www.ncbi.nlm.nih.gov/pubmed/24158624
162,ftp://ftp.ncbi.nlm.nih.gov/genomes/all/GCA_000018625.1_ASM1862v1,ses,
165,ftp://ftp.ncbi.nlm.nih.gov/genomes/all/GCA_000709535.1_ASM70953v1,sbv,http://www.ncbi.nlm.nih.gov/pubmed/24928416
166,ftp://ftp.ncbi.nlm.nih.gov/genomes/all/GCA_000006645.1_ASM664v1,ypk,http://www.ncbi.nlm.nih.gov/pubmed/12142430
167,ftp://ftp.ncbi.nlm.nih.gov/genomes/all/GCA_000013825.1_ASM1382v1,ypa,http://www.ncbi.nlm.nih.gov/pubmed/16740952
168,ftp://ftp.ncbi.nlm.nih.gov/genomes/all/GCA_000013805.1_ASM1380v1,ypn,http://www.ncbi.nlm.nih.gov/pubmed/16740952
169,ftp://ftp.ncbi.nlm.nih.gov/genomes/all/GCA_000007885.1_ASM788v1,ypm,http://www.ncbi.nlm.nih.gov/pubmed/15368893
170,ftp://ftp.ncbi.nlm.nih.gov/genomes/all/GCA_000016445.1_ASM1644v1,ypp,http://www.ncbi.nlm.nih.gov/pubmed/17966401
171,ftp://ftp.ncbi.nlm.nih.gov/genomes/all/GCA_000018805.1_ASM1880v1,ypg,http://www.ncbi.nlm.nih.gov/pubmed/20061468
172,ftp://ftp.ncbi.nlm.nih.gov/genomes/all/GCA_000022845.1_ASM2284v1,ypz,http://www.ncbi.nlm.nih.gov/pubmed/20453098
173,ftp://ftp.ncbi.nlm.nih.gov/genomes/all/GCA_000222975.1_ASM22297v1,ypt,
174,ftp://ftp.ncbi.nlm.nih.gov/genomes/all/GCA_000022805.1_ASM2280v1,ypd,http://www.ncbi.nlm.nih.gov/pubmed/20453098
175,ftp://ftp.ncbi.nlm.nih.gov/genomes/all/GCA_000022825.1_ASM2282v1,ypx,http://www.ncbi.nlm.nih.gov/pubmed/20453098
176,ftp://ftp.ncbi.nlm.nih.gov/genomes/all/GCA_000186725.1_ASM18672v1,yph,
177,ftp://ftp.ncbi.nlm.nih.gov/genomes/all/GCA_000834235.1_ASM83423v1,ypw,http://www.ncbi.nlm.nih.gov/pubmed/25931590
178,ftp://ftp.ncbi.nlm.nih.gov/genomes/all/GCA_000834275.1_ASM83427v1,ypj,http://www.ncbi.nlm.nih.gov/pubmed/25931590
179,ftp://ftp.ncbi.nlm.nih.gov/genomes/all/GCA_000834335.1_ASM83433v1,ypv,http://www.ncbi.nlm.nih.gov/pubmed/25931590
180,ftp://ftp.ncbi.nlm.nih.gov/genomes/all/GCA_000834495.1_ASM83449v1,ypl,http://www.ncbi.nlm.nih.gov/pubmed/25931590
181,ftp://ftp.ncbi.nlm.nih.gov/genomes/all/GCA_000047365.1_ASM4736v1,yps,http://www.ncbi.nlm.nih.gov/pubmed/15358858
182,ftp://ftp.ncbi.nlm.nih.gov/genomes/all/GCA_000834295.1_ASM83429v1,ypo,http://www.ncbi.nlm.nih.gov/pubmed/25931590
183,ftp://ftp.ncbi.nlm.nih.gov/genomes/all/GCA_000016945.1_ASM1694v1,ypi,http://www.ncbi.nlm.nih.gov/pubmed/17784789
184,ftp://ftp.ncbi.nlm.nih.gov/genomes/all/GCA_000019465.1_ASM1946v1,ypy,
185,ftp://ftp.ncbi.nlm.nih.gov/genomes/all/GCA_000020085.1_ASM2008v1,ypb,
186,ftp://ftp.ncbi.nlm.nih.gov/genomes/all/GCA_000750315.1_ASM75031v1,ypq,http://www.ncbi.nlm.nih.gov/pubmed/25342679
187,ftp://ftp.ncbi.nlm.nih.gov/genomes/all/GCA_000834355.1_ASM83435v1,ypu,http://www.ncbi.nlm.nih.gov/pubmed/25931590
188,ftp://ftp.ncbi.nlm.nih.gov/genomes/all/GCA_000834415.1_ASM83441v1,ypr,http://www.ncbi.nlm.nih.gov/pubmed/25931590
189,ftp://ftp.ncbi.nlm.nih.gov/genomes/all/GCA_000834435.1_ASM83443v1,ypc,http://www.ncbi.nlm.nih.gov/pubmed/25931590
190,ftp://ftp.ncbi.nlm.nih.gov/genomes/all/GCA_000834945.1_ASM83494v1,ypf,http://www.ncbi.nlm.nih.gov/pubmed/25931590
191,ftp://ftp.ncbi.nlm.nih.gov/genomes/all/GCF_000009345.1_ASM934v1,yen,http://www.ncbi.nlm.nih.gov/pubmed/17173484
192,ftp://ftp.ncbi.nlm.nih.gov/genomes/all/GCA_000192105.1_ASM19210v1,yep,http://www.ncbi.nlm.nih.gov/pubmed/21325549
193,ftp://ftp.ncbi.nlm.nih.gov/genomes/all/GCA_000253175.1_ASM25317v1,yey,http://www.ncbi.nlm.nih.gov/pubmed/21296963
194,ftp://ftp.ncbi.nlm.nih.gov/genomes/all/GCA_000597945.1_ASM59794v1,yel,
195,ftp://ftp.ncbi.nlm.nih.gov/genomes/all/GCA_000834195.1_ASM83419v1,yew,http://www.ncbi.nlm.nih.gov/pubmed/25931590
196,ftp://ftp.ncbi.nlm.nih.gov/genomes/all/GCA_000834735.1_ASM83473v1,yet,http://www.ncbi.nlm.nih.gov/pubmed/25931590
198,ftp://ftp.ncbi.nlm.nih.gov/genomes/all/GCA_000968115.1_ASM96811v1,yee,http://www.ncbi.nlm.nih.gov/pubmed/24753568
199,ftp://ftp.ncbi.nlm.nih.gov/genomes/all/GCA_000582515.1_ASM58251v1,ysi,http://www.ncbi.nlm.nih.gov/pubmed/24675860
200,ftp://ftp.ncbi.nlm.nih.gov/genomes/all/GCA_000834395.1_ASM83439v1,yal,http://www.ncbi.nlm.nih.gov/pubmed/25931590
201,ftp://ftp.ncbi.nlm.nih.gov/genomes/all/GCA_000834215.1_ASM83421v1,yfr,http://www.ncbi.nlm.nih.gov/pubmed/25931590
202,ftp://ftp.ncbi.nlm.nih.gov/genomes/all/GCA_000834515.1_ASM83451v1,yin,http://www.ncbi.nlm.nih.gov/pubmed/25931590
203,ftp://ftp.ncbi.nlm.nih.gov/genomes/all/GCA_000834865.1_ASM83486v1,ykr,http://www.ncbi.nlm.nih.gov/pubmed/25931590
204,ftp://ftp.ncbi.nlm.nih.gov/genomes/all/GCA_000834455.1_ASM83445v1,yro,http://www.ncbi.nlm.nih.gov/pubmed/25931590
207,ftp://ftp.ncbi.nlm.nih.gov/genomes/all/GCA_001047675.1_ASM104767v1,yak,
220,ftp://ftp.ncbi.nlm.nih.gov/genomes/all/GCA_000696465.1_ASM69646v1,patr,
221,ftp://ftp.ncbi.nlm.nih.gov/genomes/all/GCA_000740965.1_ASM74096v1,pato,http://www.ncbi.nlm.nih.gov/pubmed/25237028
222,ftp://ftp.ncbi.nlm.nih.gov/genomes/all/GCA_000023605.1_ASM2360v1,pct,
223,ftp://ftp.ncbi.nlm.nih.gov/genomes/all/GCA_000294535.1_ASM29453v1,pcc,http://www.ncbi.nlm.nih.gov/pubmed/23105077
224,ftp://ftp.ncbi.nlm.nih.gov/genomes/all/GCA_000769535.1_ASM76953v1,pcv,
225,ftp://ftp.ncbi.nlm.nih.gov/genomes/all/GCA_000024645.1_ASM2464v1,pwa,
226,ftp://ftp.ncbi.nlm.nih.gov/genomes/all/GCA_000260925.1_ASM26092v1,pec,http://www.ncbi.nlm.nih.gov/pubmed/23045508
227,ftp://ftp.ncbi.nlm.nih.gov/genomes/all/GCA_000027265.1_ASM2726v1,epy,http://www.ncbi.nlm.nih.gov/pubmed/20565991
228,ftp://ftp.ncbi.nlm.nih.gov/genomes/all/GCA_000026985.1_ASM2698v1,epr,http://www.ncbi.nlm.nih.gov/pubmed/20047678
229,ftp://ftp.ncbi.nlm.nih.gov/genomes/all/GCA_000091565.1_ASM9156v1,eam,http://www.ncbi.nlm.nih.gov/pubmed/20192826
230,ftp://ftp.ncbi.nlm.nih.gov/genomes/all/GCA_000027205.1_ASM2720v1,eay,http://www.ncbi.nlm.nih.gov/pubmed/20118253
231,ftp://ftp.ncbi.nlm.nih.gov/genomes/all/GCA_000196615.1_ASM19661v1,ebi,http://www.ncbi.nlm.nih.gov/pubmed/20565991
232,ftp://ftp.ncbi.nlm.nih.gov/genomes/all/GCA_000165815.1_ASM16581v1,erj,http://www.ncbi.nlm.nih.gov/pubmed/21075933
233,ftp://ftp.ncbi.nlm.nih.gov/genomes/all/GCA_000196475.1_ASM19647v1,pay,http://www.ncbi.nlm.nih.gov/pubmed/19583835
234,ftp://ftp.ncbi.nlm.nih.gov/genomes/all/GCA_001010285.1_ASM101028v1,ptt,
254,ftp://ftp.ncbi.nlm.nih.gov/genomes/all/GCF_000025565.1_ASM2556v1,enc,http://www.ncbi.nlm.nih.gov/pubmed/20207761
255,ftp://ftp.ncbi.nlm.nih.gov/genomes/all/GCA_000286275.1_ASM28627v1,eno,http://www.ncbi.nlm.nih.gov/pubmed/23045485
256,ftp://ftp.ncbi.nlm.nih.gov/genomes/all/GCA_000210775.1_ASM21077v1,eclo,
257,ftp://ftp.ncbi.nlm.nih.gov/genomes/all/GCA_000239975.1_ASM23997v1,eec,http://www.ncbi.nlm.nih.gov/pubmed/22675579
258,ftp://ftp.ncbi.nlm.nih.gov/genomes/all/GCA_000235765.3_ASM23576v3,enl,http://www.ncbi.nlm.nih.gov/pubmed/22275097
259,ftp://ftp.ncbi.nlm.nih.gov/genomes/all/GCA_000750225.1_ASM75022v1,ecla,http://www.ncbi.nlm.nih.gov/pubmed/25232178
260,ftp://ftp.ncbi.nlm.nih.gov/genomes/all/GCA_000750275.1_ASM75027v1,eclc,http://www.ncbi.nlm.nih.gov/pubmed/25232178
261,ftp://ftp.ncbi.nlm.nih.gov/genomes/all/GCA_000770155.1_ASM77015v1,eclg,http://www.ncbi.nlm.nih.gov/pubmed/25444876
262,ftp://ftp.ncbi.nlm.nih.gov/genomes/all/GCA_000724505.1_ASM72450v1,ecle,http://www.ncbi.nlm.nih.gov/pubmed/25232178
263,ftp://ftp.ncbi.nlm.nih.gov/genomes/all/GCA_000784865.1_ASM78486v1,ecln,http://www.ncbi.nlm.nih.gov/pubmed/25232178
264,ftp://ftp.ncbi.nlm.nih.gov/genomes/all/GCA_000784905.1_ASM78490v1,ecli,http://www.ncbi.nlm.nih.gov/pubmed/25232178
265,ftp://ftp.ncbi.nlm.nih.gov/genomes/all/GCA_000814225.1_ASM81422v1,eclx,
266,ftp://ftp.ncbi.nlm.nih.gov/genomes/all/GCA_000814125.3_ASM81412v3,ecly,
267,ftp://ftp.ncbi.nlm.nih.gov/genomes/all/GCA_000814205.1_ASM81420v1,eclz,
269,ftp://ftp.ncbi.nlm.nih.gov/genomes/all/GCA_000224675.1_ASM22467v1,eas,
270,ftp://ftp.ncbi.nlm.nih.gov/genomes/all/GCA_000632395.1_ASM63239v1,eau,http://www.ncbi.nlm.nih.gov/pubmed/25196111
271,ftp://ftp.ncbi.nlm.nih.gov/genomes/all/GCF_000215745.1_ASM21574v1,eae,http://www.ncbi.nlm.nih.gov/pubmed/22493190
272,ftp://ftp.ncbi.nlm.nih.gov/genomes/all/GCA_000334515.1_ASM33451v1,ear,http://www.ncbi.nlm.nih.gov/pubmed/23071100
273,ftp://ftp.ncbi.nlm.nih.gov/genomes/all/GCA_000410515.1_ASM41051v1,enr,http://www.ncbi.nlm.nih.gov/pubmed/23908287
274,ftp://ftp.ncbi.nlm.nih.gov/genomes/all/GCA_000263215.1_ASM26321v1,csk,http://www.ncbi.nlm.nih.gov/pubmed/22843579
275,ftp://ftp.ncbi.nlm.nih.gov/genomes/all/GCA_000339015.1_ASM33901v1,csz,http://www.ncbi.nlm.nih.gov/pubmed/23516209
276,ftp://ftp.ncbi.nlm.nih.gov/genomes/all/GCA_000504545.1_ASM50454v1,csi,http://www.ncbi.nlm.nih.gov/pubmed/24435860
277,ftp://ftp.ncbi.nlm.nih.gov/genomes/all/GCA_000982825.1_ASM98282v1,csj,
278,ftp://ftp.ncbi.nlm.nih.gov/genomes/all/GCA_001277255.1_ASM127725v1,ccon,
283,ftp://ftp.ncbi.nlm.nih.gov/genomes/all/GCA_000009885.1_ASM988v1,kpu,http://www.ncbi.nlm.nih.gov/pubmed/19447910
284,ftp://ftp.ncbi.nlm.nih.gov/genomes/all/GCF_000240185.1_ASM24018v2,kpm,http://www.ncbi.nlm.nih.gov/pubmed/22408243
285,ftp://ftp.ncbi.nlm.nih.gov/genomes/all/GCA_000294365.1_ASM29436v1,kpp,http://www.ncbi.nlm.nih.gov/pubmed/23105059
286,ftp://ftp.ncbi.nlm.nih.gov/genomes/all/GCA_000714635.1_ASM71463v1,kpk,http://www.ncbi.nlm.nih.gov/pubmed/25146146
287,ftp://ftp.ncbi.nlm.nih.gov/genomes/all/GCA_000714675.1_ASM71467v1,kph,http://www.ncbi.nlm.nih.gov/pubmed/25232178
288,ftp://ftp.ncbi.nlm.nih.gov/genomes/all/GCA_000695935.1_ASM69593v1,kpz,http://www.ncbi.nlm.nih.gov/pubmed/25232178
289,ftp://ftp.ncbi.nlm.nih.gov/genomes/all/GCA_000784945.1_ASM78494v1,kpv,http://www.ncbi.nlm.nih.gov/pubmed/25232178
290,ftp://ftp.ncbi.nlm.nih.gov/genomes/all/GCA_000784985.1_ASM78498v1,kpw,http://www.ncbi.nlm.nih.gov/pubmed/25232178
291,ftp://ftp.ncbi.nlm.nih.gov/genomes/all/GCA_000785005.1_ASM78500v1,kpy,http://www.ncbi.nlm.nih.gov/pubmed/25232178
292,ftp://ftp.ncbi.nlm.nih.gov/genomes/all/GCA_000775395.1_ASM77539v1,kpg,http://www.ncbi.nlm.nih.gov/pubmed/25232178
293,ftp://ftp.ncbi.nlm.nih.gov/genomes/all/GCA_000281435.2_ASM28143v2,kpc,http://www.ncbi.nlm.nih.gov/pubmed/22914622
294,ftp://ftp.ncbi.nlm.nih.gov/genomes/all/GCA_000717515.1_ASM71751v1,kpq,http://www.ncbi.nlm.nih.gov/pubmed/25232178
295,ftp://ftp.ncbi.nlm.nih.gov/genomes/all/GCA_000742755.1_ASM74275v1,kpt,http://www.ncbi.nlm.nih.gov/pubmed/25291761
296,ftp://ftp.ncbi.nlm.nih.gov/genomes/all/GCA_000019565.1_ASM1956v1,kpe,http://www.ncbi.nlm.nih.gov/pubmed/18654632
297,ftp://ftp.ncbi.nlm.nih.gov/genomes/all/GCA_000220485.1_ASM22048v1,kpo,http://www.ncbi.nlm.nih.gov/pubmed/22535926
298,ftp://ftp.ncbi.nlm.nih.gov/genomes/all/GCA_000967845.1_ASM96784v1,kpr,http://www.ncbi.nlm.nih.gov/pubmed/21629720
299,ftp://ftp.ncbi.nlm.nih.gov/genomes/all/GCA_000445405.1_ASM44540v1,kpj,
300,ftp://ftp.ncbi.nlm.nih.gov/genomes/all/GCA_000474015.1_ASM47401v1,kpi,
301,ftp://ftp.ncbi.nlm.nih.gov/genomes/all/GCA_000598005.1_ASM59800v1,kpa,http://www.ncbi.nlm.nih.gov/pubmed/24639510
302,ftp://ftp.ncbi.nlm.nih.gov/genomes/all/GCA_000597905.1_ASM59790v1,kps,http://www.ncbi.nlm.nih.gov/pubmed/24639510
303,ftp://ftp.ncbi.nlm.nih.gov/genomes/all/GCA_000764615.1_ASM76461v1,kpx,http://www.ncbi.nlm.nih.gov/pubmed/25267672
304,ftp://ftp.ncbi.nlm.nih.gov/genomes/all/GCA_000739495.1_ASM73949v1,kpb,http://www.ncbi.nlm.nih.gov/pubmed/24798270
305,ftp://ftp.ncbi.nlm.nih.gov/genomes/all/GCA_000807395.3_ASM80739v3,kpne,
306,ftp://ftp.ncbi.nlm.nih.gov/genomes/all/GCA_000814305.1_ASM81430v1,kpnu,
307,ftp://ftp.ncbi.nlm.nih.gov/genomes/all/GCA_000025465.1_ASM2546v1,kva,http://www.ncbi.nlm.nih.gov/pubmed/19965433
308,ftp://ftp.ncbi.nlm.nih.gov/genomes/all/GCA_000812205.1_ASM81220v1,kvd,
309,ftp://ftp.ncbi.nlm.nih.gov/genomes/all/GCA_000828055.1_ASM82805v1,kvq,
310,ftp://ftp.ncbi.nlm.nih.gov/genomes/all/GCA_000240325.1_ASM24032v1,kox,http://www.ncbi.nlm.nih.gov/pubmed/22493189
311,ftp://ftp.ncbi.nlm.nih.gov/genomes/all/GCA_000276705.2_ASM27670v2,koe,http://www.ncbi.nlm.nih.gov/pubmed/22965083
313,ftp://ftp.ncbi.nlm.nih.gov/genomes/all/GCA_000714655.1_ASM71465v1,kok,http://www.ncbi.nlm.nih.gov/pubmed/25232178
314,ftp://ftp.ncbi.nlm.nih.gov/genomes/all/GCA_000724525.1_ASM72452v1,kom,http://www.ncbi.nlm.nih.gov/pubmed/25660421
315,ftp://ftp.ncbi.nlm.nih.gov/genomes/all/GCA_000963575.1_ASM96357v1,kmi,
325,ftp://ftp.ncbi.nlm.nih.gov/genomes/all/GCA_000330865.1_ASM33086v1,smaf,http://www.ncbi.nlm.nih.gov/pubmed/23516234
326,ftp://ftp.ncbi.nlm.nih.gov/genomes/all/GCA_000336425.1_ASM33642v1,smw,http://www.ncbi.nlm.nih.gov/pubmed/23398522
327,ftp://ftp.ncbi.nlm.nih.gov/genomes/all/GCA_000828775.1_ASM82877v1,smar,http://www.ncbi.nlm.nih.gov/pubmed/25070509
328,ftp://ftp.ncbi.nlm.nih.gov/genomes/all/GCA_000513215.1_DB11,smac,http://www.ncbi.nlm.nih.gov/pubmed/25070509
331,ftp://ftp.ncbi.nlm.nih.gov/genomes/all/GCA_000695995.1_ASM69599v1,serf,http://www.ncbi.nlm.nih.gov/pubmed/25856195
332,ftp://ftp.ncbi.nlm.nih.gov/genomes/all/GCA_000747565.1_ASM74756v1,sers,
333,ftp://ftp.ncbi.nlm.nih.gov/genomes/all/GCA_001006005.1_ASM100600v1,sfw,http://www.ncbi.nlm.nih.gov/pubmed/26376471
334,ftp://ftp.ncbi.nlm.nih.gov/genomes/all/GCA_000444425.1_ASM44442v1,pmib,http://www.ncbi.nlm.nih.gov/pubmed/24009111
337,ftp://ftp.ncbi.nlm.nih.gov/genomes/all/GCA_000264765.2_ASM26476v2,ete,http://www.ncbi.nlm.nih.gov/pubmed/22590641
338,ftp://ftp.ncbi.nlm.nih.gov/genomes/all/GCA_000348565.1_ASM34856v1,etc,http://www.ncbi.nlm.nih.gov/pubmed/24265493
339,ftp://ftp.ncbi.nlm.nih.gov/genomes/all/GCA_000800725.2_ASM80072v2,edw,http://www.ncbi.nlm.nih.gov/pubmed/26205870
340,ftp://ftp.ncbi.nlm.nih.gov/genomes/all/GCA_001186215.1_ASM118621v1,edl,http://www.ncbi.nlm.nih.gov/pubmed/26337892
347,ftp://ftp.ncbi.nlm.nih.gov/genomes/all/GCA_000025065.1_ASM2506v1,ddc,
348,ftp://ftp.ncbi.nlm.nih.gov/genomes/all/GCA_000147055.1_ASM14705v1,ddd,http://www.ncbi.nlm.nih.gov/pubmed/21217001
349,ftp://ftp.ncbi.nlm.nih.gov/genomes/all/GCA_000023565.1_ASM2356v1,dze,
350,ftp://ftp.ncbi.nlm.nih.gov/genomes/all/GCA_000816045.1_ASM81604v1,dzc,
351,ftp://ftp.ncbi.nlm.nih.gov/genomes/all/GCA_000973125.1_ASM97312v1,xbv,
352,ftp://ftp.ncbi.nlm.nih.gov/genomes/all/GCA_000252955.1_ASM25295v1,xne,http://www.ncbi.nlm.nih.gov/pubmed/22125637
353,ftp://ftp.ncbi.nlm.nih.gov/genomes/all/GCA_000953355.1_XNC2,xnm,
354,ftp://ftp.ncbi.nlm.nih.gov/genomes/all/GCA_000968195.1_ASM96819v1,xdo,
355,ftp://ftp.ncbi.nlm.nih.gov/genomes/all/GCA_000968175.1_ASM96817v1,xpo,http://www.ncbi.nlm.nih.gov/pubmed/24904010
356,ftp://ftp.ncbi.nlm.nih.gov/genomes/all/GCA_000283875.1_ASM28387v1,plf,http://www.ncbi.nlm.nih.gov/pubmed/22374951
357,ftp://ftp.ncbi.nlm.nih.gov/genomes/all/GCA_000270125.1_ASM27012v1,paj,http://www.ncbi.nlm.nih.gov/pubmed/22159605
358,ftp://ftp.ncbi.nlm.nih.gov/genomes/all/GCA_000233595.1_ASM23359v1,paq,http://www.ncbi.nlm.nih.gov/pubmed/22207741
359,ftp://ftp.ncbi.nlm.nih.gov/genomes/all/GCA_000148935.1_ASM14893v1,pva,http://www.ncbi.nlm.nih.gov/pubmed/20952567
360,ftp://ftp.ncbi.nlm.nih.gov/genomes/all/GCA_000175935.2_ASM17593v2,pao,
361,ftp://ftp.ncbi.nlm.nih.gov/genomes/all/GCA_000759475.1_ASM75947v1,kln,
362,ftp://ftp.ncbi.nlm.nih.gov/genomes/all/GCA_000784875.3_ASM78487v3,pant,http://www.ncbi.nlm.nih.gov/pubmed/25232178
363,ftp://ftp.ncbi.nlm.nih.gov/genomes/all/GCA_000784965.1_ASM78496v1,panp,http://www.ncbi.nlm.nih.gov/pubmed/25232178
366,ftp://ftp.ncbi.nlm.nih.gov/genomes/all/GCA_000241955.1_ASM24195v1,raq,http://www.ncbi.nlm.nih.gov/pubmed/22582378
367,ftp://ftp.ncbi.nlm.nih.gov/genomes/all/GCA_000255535.1_ASM25553v1,raa,http://www.ncbi.nlm.nih.gov/pubmed/23144397
370,ftp://ftp.ncbi.nlm.nih.gov/genomes/all/GCA_000829965.1_ASM82996v1,ron,http://www.ncbi.nlm.nih.gov/pubmed/25792045
371,ftp://ftp.ncbi.nlm.nih.gov/genomes/all/GCA_000758305.1_ASM75830v1,cem,
373,ftp://ftp.ncbi.nlm.nih.gov/genomes/all/GCA_000758345.1_ASM75834v1,ced,
374,ftp://ftp.ncbi.nlm.nih.gov/genomes/all/GCA_000330845.1_ASM33084v1,ebf,http://www.ncbi.nlm.nih.gov/pubmed/23469353
450,ftp://ftp.ncbi.nlm.nih.gov/genomes/all/GCA_000007385.1_ASM738v1,xoo,http://www.ncbi.nlm.nih.gov/pubmed/15673718
451,ftp://ftp.ncbi.nlm.nih.gov/genomes/all/GCA_000010025.1_ASM1002v1,xom,http://www.ncbi.nlm.nih.gov/pubmed/JARQ
452,ftp://ftp.ncbi.nlm.nih.gov/genomes/all/GCA_000019585.1_ASM1958v1,xop,http://www.ncbi.nlm.nih.gov/pubmed/18452608
453,ftp://ftp.ncbi.nlm.nih.gov/genomes/all/GCA_000948075.1_ASM94807v1,xoy,
454,ftp://ftp.ncbi.nlm.nih.gov/genomes/all/GCA_000168315.3_ASM16831v3,xor,http://www.ncbi.nlm.nih.gov/pubmed/21784931
455,ftp://ftp.ncbi.nlm.nih.gov/genomes/all/GCA_000940825.1_ASM94082v1,xoz,
458,ftp://ftp.ncbi.nlm.nih.gov/genomes/all/GCA_001021935.1_ASM102193v1,xtn,
464,ftp://ftp.ncbi.nlm.nih.gov/genomes/all/GCA_000963555.1_ASM96355v1,vcf,http://www.ncbi.nlm.nih.gov/pubmed/25768799
465,ftp://ftp.ncbi.nlm.nih.gov/genomes/all/GCA_000166455.2_ASM16645v2,vce,http://www.ncbi.nlm.nih.gov/pubmed/22099115
466,ftp://ftp.ncbi.nlm.nih.gov/genomes/all/GCA_000022585.1_ASM2258v1,vcj,http://www.ncbi.nlm.nih.gov/pubmed/20348258
467,ftp://ftp.ncbi.nlm.nih.gov/genomes/all/GCA_000016245.1_ASM1624v1,vco,http://www.ncbi.nlm.nih.gov/pubmed/19115014
469,ftp://ftp.ncbi.nlm.nih.gov/genomes/all/GCA_000021605.1_ASM2160v1,vcm,http://www.ncbi.nlm.nih.gov/pubmed/19115014
470,ftp://ftp.ncbi.nlm.nih.gov/genomes/all/GCA_000250855.1_ASM25085v1,vci,http://www.ncbi.nlm.nih.gov/pubmed/22535947
471,ftp://ftp.ncbi.nlm.nih.gov/genomes/all/GCA_000195065.1_ASM19506v1,vcl,http://www.ncbi.nlm.nih.gov/pubmed/21871929
472,ftp://ftp.ncbi.nlm.nih.gov/genomes/all/GCA_000765415.1_ASM76541v1,vcq,
473,ftp://ftp.ncbi.nlm.nih.gov/genomes/all/GCA_000829215.1_ASM82921v1,vcs,http://www.ncbi.nlm.nih.gov/pubmed/24887199
474,ftp://ftp.ncbi.nlm.nih.gov/genomes/all/GCA_000969235.1_ASM96923v1,vcx,http://www.ncbi.nlm.nih.gov/pubmed/25977434
475,ftp://ftp.ncbi.nlm.nih.gov/genomes/all/GCA_000969265.1_ASM96926v1,vcz,http://www.ncbi.nlm.nih.gov/pubmed/25977434
476,ftp://ftp.ncbi.nlm.nih.gov/genomes/all/GCA_000039765.1_ASM3976v1,vvu,http://www.ncbi.nlm.nih.gov/pubmed/14500463
477,ftp://ftp.ncbi.nlm.nih.gov/genomes/all/GCA_000009745.1_ASM974v1,vvy,http://www.ncbi.nlm.nih.gov/pubmed/14656965
480,ftp://ftp.ncbi.nlm.nih.gov/genomes/all/GCF_000196095.1_ASM19609v1,vpa,http://www.ncbi.nlm.nih.gov/pubmed/12620739
481,ftp://ftp.ncbi.nlm.nih.gov/genomes/all/GCA_000328405.1_ASM32840v1,vpb,http://www.ncbi.nlm.nih.gov/pubmed/23469330
482,ftp://ftp.ncbi.nlm.nih.gov/genomes/all/GCA_000430425.1_ASM43042v1,vpk,http://www.ncbi.nlm.nih.gov/pubmed/25814612
483,ftp://ftp.ncbi.nlm.nih.gov/genomes/all/GCA_000430405.1_ASM43040v1,vpf,http://www.ncbi.nlm.nih.gov/pubmed/25814612
484,ftp://ftp.ncbi.nlm.nih.gov/genomes/all/GCA_000568495.1_ASM56849v1,vph,http://www.ncbi.nlm.nih.gov/pubmed/24625868
485,ftp://ftp.ncbi.nlm.nih.gov/genomes/all/GCA_000017705.1_ASM1770v1,vha,
486,ftp://ftp.ncbi.nlm.nih.gov/genomes/all/GCA_000464435.1_ASM46443v1,vca,
487,ftp://ftp.ncbi.nlm.nih.gov/genomes/all/GCA_000354175.2_ASM35417v2,vag,http://www.ncbi.nlm.nih.gov/pubmed/25635021
488,ftp://ftp.ncbi.nlm.nih.gov/genomes/all/GCA_000091465.1_ASM9146v1,vsp,http://www.ncbi.nlm.nih.gov/pubmed/19364337
489,ftp://ftp.ncbi.nlm.nih.gov/genomes/all/GCA_000024825.1_ASM2482v1,vex,
491,ftp://ftp.ncbi.nlm.nih.gov/genomes/all/GCA_000184325.1_ASM18432v1,vfu,http://www.ncbi.nlm.nih.gov/pubmed/21217006
492,ftp://ftp.ncbi.nlm.nih.gov/genomes/all/GCA_000801275.1_ASM80127v1,vni,http://www.ncbi.nlm.nih.gov/pubmed/23739050
493,ftp://ftp.ncbi.nlm.nih.gov/genomes/all/GCA_000217675.1_ASM21767v1,van,http://www.ncbi.nlm.nih.gov/pubmed/21576332
494,ftp://ftp.ncbi.nlm.nih.gov/genomes/all/GCA_000462975.1_ASM46297v1,lag,http://www.ncbi.nlm.nih.gov/pubmed/24072867
495,ftp://ftp.ncbi.nlm.nih.gov/genomes/all/GCA_000786425.1_Vibrio_anguillarum_NB10_serovar_O1,vau,
496,ftp://ftp.ncbi.nlm.nih.gov/genomes/all/GCA_000772065.1_ASM77206v1,vcy,http://www.ncbi.nlm.nih.gov/pubmed/25523764
497,ftp://ftp.ncbi.nlm.nih.gov/genomes/all/GCA_000763535.2_ASM76353v2,vct,http://www.ncbi.nlm.nih.gov/pubmed/25523774
498,ftp://ftp.ncbi.nlm.nih.gov/genomes/all/GCA_000772105.1_ASM77210v1,vtu,http://www.ncbi.nlm.nih.gov/pubmed/25523763
499,ftp://ftp.ncbi.nlm.nih.gov/genomes/all/GCA_000020845.1_ASM2084v1,vfm,http://www.ncbi.nlm.nih.gov/pubmed/19182778
501,ftp://ftp.ncbi.nlm.nih.gov/genomes/all/GCA_000953695.1_AWOD1,awd,
503,ftp://ftp.ncbi.nlm.nih.gov/genomes/all/GCA_000484545.1_ASM48454v1,paev,http://www.ncbi.nlm.nih.gov/pubmed/24336371
504,ftp://ftp.ncbi.nlm.nih.gov/genomes/all/GCA_000484495.1_ASM48449v1,paei,http://www.ncbi.nlm.nih.gov/pubmed/24336371
505,ftp://ftp.ncbi.nlm.nih.gov/genomes/all/GCA_000014625.1_ASM1462v1,pau,http://www.ncbi.nlm.nih.gov/pubmed/17038190
506,ftp://ftp.ncbi.nlm.nih.gov/genomes/all/GCA_000017205.1_ASM1720v1,pap,http://www.ncbi.nlm.nih.gov/pubmed/20107499
507,ftp://ftp.ncbi.nlm.nih.gov/genomes/all/GCA_000026645.1_ASM2664v1,pag,http://www.ncbi.nlm.nih.gov/pubmed/19047519
508,ftp://ftp.ncbi.nlm.nih.gov/genomes/all/GCA_000226155.1_ASM22615v1,paf,http://www.ncbi.nlm.nih.gov/pubmed/21884571
509,ftp://ftp.ncbi.nlm.nih.gov/genomes/all/GCA_000284555.1_ASM28455v1,pnc,http://www.ncbi.nlm.nih.gov/pubmed/22123763
510,ftp://ftp.ncbi.nlm.nih.gov/genomes/all/GCA_000829275.1_ASM82927v1,paeb,
511,ftp://ftp.ncbi.nlm.nih.gov/genomes/all/GCA_000271365.1_ASM27136v1,pdk,http://www.ncbi.nlm.nih.gov/pubmed/22672046
512,ftp://ftp.ncbi.nlm.nih.gov/genomes/all/GCA_000359505.1_ASM35950v1,psg,
513,ftp://ftp.ncbi.nlm.nih.gov/genomes/all/GCA_000414035.1_ASM41403v1,prp,http://www.ncbi.nlm.nih.gov/pubmed/23908295
515,ftp://ftp.ncbi.nlm.nih.gov/genomes/all/GCA_000496645.1_ASM49664v1,paer,
516,ftp://ftp.ncbi.nlm.nih.gov/genomes/all/GCA_000504045.1_ASM50404v1,paem,http://www.ncbi.nlm.nih.gov/pubmed/24459257
517,ftp://ftp.ncbi.nlm.nih.gov/genomes/all/GCA_000508765.1_ASM50876v1,pael,http://www.ncbi.nlm.nih.gov/pubmed/24505294
518,ftp://ftp.ncbi.nlm.nih.gov/genomes/all/GCA_000510305.1_ASM51030v1,paes,http://www.ncbi.nlm.nih.gov/pubmed/24459283
519,ftp://ftp.ncbi.nlm.nih.gov/genomes/all/GCA_000531435.1_PA38182,paeu,
520,ftp://ftp.ncbi.nlm.nih.gov/genomes/all/GCA_000524595.1_ASM52459v1,paeg,http://www.ncbi.nlm.nih.gov/pubmed/24699957
521,ftp://ftp.ncbi.nlm.nih.gov/genomes/all/GCA_000468935.1_ASM46893v1,paec,http://www.ncbi.nlm.nih.gov/pubmed/24115552
522,ftp://ftp.ncbi.nlm.nih.gov/genomes/all/GCA_000468555.1_ASM46855v1,paeo,http://www.ncbi.nlm.nih.gov/pubmed/24115549
523,ftp://ftp.ncbi.nlm.nih.gov/genomes/all/GCF_000007565.1_ASM756v1,ppu,http://www.ncbi.nlm.nih.gov/pubmed/12534463
524,ftp://ftp.ncbi.nlm.nih.gov/genomes/all/GCA_000016865.1_ASM1686v1,ppf,
525,ftp://ftp.ncbi.nlm.nih.gov/genomes/all/GCA_000019125.1_ASM1912v1,ppg,
526,ftp://ftp.ncbi.nlm.nih.gov/genomes/all/GCA_000019445.1_ASM1944v1,ppw,
527,ftp://ftp.ncbi.nlm.nih.gov/genomes/all/GCA_000219705.1_ASM21970v1,ppt,http://www.ncbi.nlm.nih.gov/pubmed/21914868
529,ftp://ftp.ncbi.nlm.nih.gov/genomes/all/GCA_000264665.1_ASM26466v1,ppi,http://www.ncbi.nlm.nih.gov/pubmed/23046581
530,ftp://ftp.ncbi.nlm.nih.gov/genomes/all/GCA_000281215.1_ASM28121v1,ppx,http://www.ncbi.nlm.nih.gov/pubmed/23815283
531,ftp://ftp.ncbi.nlm.nih.gov/genomes/all/GCA_000325725.1_ASM32572v1,ppuh,http://www.ncbi.nlm.nih.gov/pubmed/24465371
533,ftp://ftp.ncbi.nlm.nih.gov/genomes/all/GCA_000412675.1_ASM41267v1,ppun,http://www.ncbi.nlm.nih.gov/pubmed/24526630
534,ftp://ftp.ncbi.nlm.nih.gov/genomes/all/GCA_000691565.1_ASM69156v1,ppud,http://www.ncbi.nlm.nih.gov/pubmed/24948765
535,ftp://ftp.ncbi.nlm.nih.gov/genomes/all/GCA_000213805.1_ASM21380v1,pfv,
536,ftp://ftp.ncbi.nlm.nih.gov/genomes/all/GCA_000510285.1_ASM51028v1,pmon,http://www.ncbi.nlm.nih.gov/pubmed/24874689
537,ftp://ftp.ncbi.nlm.nih.gov/genomes/all/GCA_000510325.1_ASM51032v1,pmot,http://www.ncbi.nlm.nih.gov/pubmed/24874689
538,ftp://ftp.ncbi.nlm.nih.gov/genomes/all/GCA_000498975.2_ASM49897v2,pmos,http://www.ncbi.nlm.nih.gov/pubmed/25449545
539,ftp://ftp.ncbi.nlm.nih.gov/genomes/all/GCA_000831585.1_ASM83158v1,ppj,http://www.ncbi.nlm.nih.gov/pubmed/25701176
540,ftp://ftp.ncbi.nlm.nih.gov/genomes/all/GCF_000007805.1_ASM780v1,pst,http://www.ncbi.nlm.nih.gov/pubmed/12928499
541,ftp://ftp.ncbi.nlm.nih.gov/genomes/all/GCF_000012245.1_ASM1224v1,psb,http://www.ncbi.nlm.nih.gov/pubmed/16043691
542,ftp://ftp.ncbi.nlm.nih.gov/genomes/all/GCA_000452705.3_ASM45270v3,psyr,http://www.ncbi.nlm.nih.gov/pubmed/24835253
543,ftp://ftp.ncbi.nlm.nih.gov/genomes/all/GCA_000012205.1_ASM1220v1,psp,http://www.ncbi.nlm.nih.gov/pubmed/16159782
544,ftp://ftp.ncbi.nlm.nih.gov/genomes/all/GCA_000517305.1_ASM51730v1,pci,
545,ftp://ftp.ncbi.nlm.nih.gov/genomes/all/GCA_000012265.1_ASM1226v1,pfl,http://www.ncbi.nlm.nih.gov/pubmed/15980861
546,ftp://ftp.ncbi.nlm.nih.gov/genomes/all/GCA_000397205.1_ASM39720v1,pprc,http://www.ncbi.nlm.nih.gov/pubmed/24762936
547,ftp://ftp.ncbi.nlm.nih.gov/genomes/all/GCA_000828695.1_ASM82869v1,ppro,http://www.ncbi.nlm.nih.gov/pubmed/24695768
548,ftp://ftp.ncbi.nlm.nih.gov/genomes/all/GCA_000012445.1_ASM1244v1,pfo,http://www.ncbi.nlm.nih.gov/pubmed/19432983
549,ftp://ftp.ncbi.nlm.nih.gov/genomes/all/GCA_000009225.1_ASM922v1,pfs,http://www.ncbi.nlm.nih.gov/pubmed/19432983
550,ftp://ftp.ncbi.nlm.nih.gov/genomes/all/GCA_000237065.1_ASM23706v1,pfe,http://www.ncbi.nlm.nih.gov/pubmed/22328765
551,ftp://ftp.ncbi.nlm.nih.gov/genomes/all/GCA_000262325.2_ASM26232v2,pfc,http://www.ncbi.nlm.nih.gov/pubmed/22792073
553,ftp://ftp.ncbi.nlm.nih.gov/genomes/all/GCA_000934565.1_ASM93456v1,pfw,
554,ftp://ftp.ncbi.nlm.nih.gov/genomes/all/GCA_000968415.1_ASM96841v1,pfb,http://www.ncbi.nlm.nih.gov/pubmed/25953163
555,ftp://ftp.ncbi.nlm.nih.gov/genomes/all/GCA_000963495.1_ASM96349v1,pff,http://www.ncbi.nlm.nih.gov/pubmed/25685259
556,ftp://ftp.ncbi.nlm.nih.gov/genomes/all/GCA_000336465.1_ASM33646v1,ppz,http://www.ncbi.nlm.nih.gov/pubmed/23516179
557,ftp://ftp.ncbi.nlm.nih.gov/genomes/all/GCA_000257545.3_ASM25754v3,pman,http://www.ncbi.nlm.nih.gov/pubmed/22628497
558,ftp://ftp.ncbi.nlm.nih.gov/genomes/all/GCA_001186335.1_ASM118633v1,ptv,
559,ftp://ftp.ncbi.nlm.nih.gov/genomes/all/GCA_000026105.1_ASM2610v1,pen,http://www.ncbi.nlm.nih.gov/pubmed/16699499
560,ftp://ftp.ncbi.nlm.nih.gov/genomes/all/GCA_000016565.1_ASM1656v1,pmy,
561,ftp://ftp.ncbi.nlm.nih.gov/genomes/all/GCA_000204295.1_ASM20429v1,pmk,http://www.ncbi.nlm.nih.gov/pubmed/21551299
565,ftp://ftp.ncbi.nlm.nih.gov/genomes/all/GCA_000267545.1_ASM26754v1,psc,http://www.ncbi.nlm.nih.gov/pubmed/23144395
566,ftp://ftp.ncbi.nlm.nih.gov/genomes/all/GCA_000279165.1_ASM27916v1,psj,http://www.ncbi.nlm.nih.gov/pubmed/22965097
567,ftp://ftp.ncbi.nlm.nih.gov/genomes/all/GCA_000327065.1_ASM32706v1,psh,
568,ftp://ftp.ncbi.nlm.nih.gov/genomes/all/GCA_000661915.1_ASM66191v1,pstu,
569,ftp://ftp.ncbi.nlm.nih.gov/genomes/all/GCA_000590475.1_ASM59047v1,pstt,http://www.ncbi.nlm.nih.gov/pubmed/24903873
570,ftp://ftp.ncbi.nlm.nih.gov/genomes/all/GCA_000818015.1_ASM81801v1,pbm,
571,ftp://ftp.ncbi.nlm.nih.gov/genomes/all/GCA_000194805.1_ASM19480v1,pba,http://www.ncbi.nlm.nih.gov/pubmed/21515771
572,ftp://ftp.ncbi.nlm.nih.gov/genomes/all/GCA_000585995.1_ASM58599v1,pbc,http://www.ncbi.nlm.nih.gov/pubmed/24812222
573,ftp://ftp.ncbi.nlm.nih.gov/genomes/all/GCA_000316175.1_ASM31617v1,ppuu,http://www.ncbi.nlm.nih.gov/pubmed/23516524
574,ftp://ftp.ncbi.nlm.nih.gov/genomes/all/GCA_000349845.1_ASM34984v1,pdr,http://www.ncbi.nlm.nih.gov/pubmed/23723394
575,ftp://ftp.ncbi.nlm.nih.gov/genomes/all/GCA_000412695.1_ASM41269v1,pre,http://www.ncbi.nlm.nih.gov/pubmed/23887915
577,ftp://ftp.ncbi.nlm.nih.gov/genomes/all/GCA_000494915.1_ASM49491v1,psv,http://www.ncbi.nlm.nih.gov/pubmed/24161918
578,ftp://ftp.ncbi.nlm.nih.gov/genomes/all/GCA_000508205.1_ASM50820v1,psk,http://www.ncbi.nlm.nih.gov/pubmed/24482516
580,ftp://ftp.ncbi.nlm.nih.gov/genomes/all/GCA_000698865.1_ASM69886v1,pch,http://www.ncbi.nlm.nih.gov/pubmed/25035328
581,ftp://ftp.ncbi.nlm.nih.gov/genomes/all/GCA_000963835.1_ASM96383v1,pcz,http://www.ncbi.nlm.nih.gov/pubmed/25679537
582,ftp://ftp.ncbi.nlm.nih.gov/genomes/all/GCA_000761195.1_ASM76119v1,pcp,http://www.ncbi.nlm.nih.gov/pubmed/25456057
585,ftp://ftp.ncbi.nlm.nih.gov/genomes/all/GCA_000759535.1_ASM75953v1,psw,
586,ftp://ftp.ncbi.nlm.nih.gov/genomes/all/GCA_000800255.1_ASM80025v1,ppv,http://www.ncbi.nlm.nih.gov/pubmed/25835951
587,ftp://ftp.ncbi.nlm.nih.gov/genomes/all/GCA_000829415.1_ASM82941v1,pses,http://www.ncbi.nlm.nih.gov/pubmed/25323715
588,ftp://ftp.ncbi.nlm.nih.gov/genomes/all/GCA_000931465.1_ASM93146v1,psem,
589,ftp://ftp.ncbi.nlm.nih.gov/genomes/all/GCA_001007005.1_Pseudomonas_sp._strain_CCOS_191,psec,
591,ftp://ftp.ncbi.nlm.nih.gov/genomes/all/GCA_000380335.1_ASM38033v1,avl,http://www.ncbi.nlm.nih.gov/pubmed/23792740
592,ftp://ftp.ncbi.nlm.nih.gov/genomes/all/GCA_000380365.1_ASM38036v1,avd,http://www.ncbi.nlm.nih.gov/pubmed/23792740
624,ftp://ftp.ncbi.nlm.nih.gov/genomes/all/GCA_000014705.1_ASM1470v1,sfr,
632,ftp://ftp.ncbi.nlm.nih.gov/genomes/all/GCA_000147735.3_ASM14773v3,sbb,http://www.ncbi.nlm.nih.gov/pubmed/22328742
643,ftp://ftp.ncbi.nlm.nih.gov/genomes/all/GCA_000019525.1_ASM1952v1,swd,
648,ftp://ftp.ncbi.nlm.nih.gov/genomes/all/GCA_000184065.1_ASM18406v1,psm,http://www.ncbi.nlm.nih.gov/pubmed/20703316
650,ftp://ftp.ncbi.nlm.nih.gov/genomes/all/GCA_000284615.1_ASM28461v1,mhc,http://www.ncbi.nlm.nih.gov/pubmed/22689231
651,ftp://ftp.ncbi.nlm.nih.gov/genomes/all/GCA_000166295.1_ASM16629v1,mad,http://www.ncbi.nlm.nih.gov/pubmed/21304739
656,ftp://ftp.ncbi.nlm.nih.gov/genomes/all/GCA_001266795.1_ASM126679v1,mari,http://www.ncbi.nlm.nih.gov/pubmed/26404584
673,ftp://ftp.ncbi.nlm.nih.gov/genomes/all/GCA_000153405.2_ASM15340v2,psy,http://www.ncbi.nlm.nih.gov/pubmed/23723403
739,ftp://ftp.ncbi.nlm.nih.gov/genomes/all/GCA_001260615.1_S2_rcS3_S1_rcS3,ham,
754,ftp://ftp.ncbi.nlm.nih.gov/genomes/all/GCA_000300005.1_ASM30000v1,adi,http://www.ncbi.nlm.nih.gov/pubmed/23144414
758,ftp://ftp.ncbi.nlm.nih.gov/genomes/all/GCA_000192865.1_ASM19286v1,mme,http://www.ncbi.nlm.nih.gov/pubmed/22675599
759,ftp://ftp.ncbi.nlm.nih.gov/genomes/all/GCA_000214215.1_ASM21421v1,mpc,http://www.ncbi.nlm.nih.gov/pubmed/23458837
760,ftp://ftp.ncbi.nlm.nih.gov/genomes/all/GCA_000582555.1_ASM58255v1,tor,http://www.ncbi.nlm.nih.gov/pubmed/25197471
765,ftp://ftp.ncbi.nlm.nih.gov/genomes/all/GCA_000819505.1_ASM81950v1,ahj,
767,ftp://ftp.ncbi.nlm.nih.gov/genomes/all/GCA_000963645.1_ASM96364v1,ahi,
802,ftp://ftp.ncbi.nlm.nih.gov/genomes/all/GCA_000283475.1_ASM28347v1,rsl,http://www.ncbi.nlm.nih.gov/pubmed/20550686
803,ftp://ftp.ncbi.nlm.nih.gov/genomes/all/GCA_000215325.1_ASM21532v1,rsn,http://www.ncbi.nlm.nih.gov/pubmed/21685279
804,ftp://ftp.ncbi.nlm.nih.gov/genomes/all/GCA_000427195.1_ASM42719v1,rsm,http://www.ncbi.nlm.nih.gov/pubmed/20550686
805,ftp://ftp.ncbi.nlm.nih.gov/genomes/all/GCA_000348545.1_ASM34854v1,rse,http://www.ncbi.nlm.nih.gov/pubmed/23661471
807,ftp://ftp.ncbi.nlm.nih.gov/genomes/all/GCA_000023425.1_ASM2342v1,rpf,
810,ftp://ftp.ncbi.nlm.nih.gov/genomes/all/GCA_000009285.2_ASM928v2,reh,http://www.ncbi.nlm.nih.gov/pubmed/16964242
812,ftp://ftp.ncbi.nlm.nih.gov/genomes/all/GCA_000196015.1_ASM19601v1,rme,http://www.ncbi.nlm.nih.gov/pubmed/20463976
813,ftp://ftp.ncbi.nlm.nih.gov/genomes/all/GCA_000069785.1_ASM6978v1,cti,http://www.ncbi.nlm.nih.gov/pubmed/18490699
814,ftp://ftp.ncbi.nlm.nih.gov/genomes/all/GCA_000832305.1_ASM83230v1,cbw,
816,ftp://ftp.ncbi.nlm.nih.gov/genomes/all/GCA_000015465.1_ASM1546v1,bmv,http://www.ncbi.nlm.nih.gov/pubmed/18446194
817,ftp://ftp.ncbi.nlm.nih.gov/genomes/all/GCA_000015605.1_ASM1560v1,bml,http://www.ncbi.nlm.nih.gov/pubmed/15213162
818,ftp://ftp.ncbi.nlm.nih.gov/genomes/all/GCA_000015625.1_ASM1562v1,bmn,
819,ftp://ftp.ncbi.nlm.nih.gov/genomes/all/GCA_000755865.1_ASM75586v1,bmal,http://www.ncbi.nlm.nih.gov/pubmed/25414490
820,ftp://ftp.ncbi.nlm.nih.gov/genomes/all/GCA_000755845.1_ASM75584v1,bmae,http://www.ncbi.nlm.nih.gov/pubmed/25414490
821,ftp://ftp.ncbi.nlm.nih.gov/genomes/all/GCA_000755885.1_ASM75588v1,bmaq,http://www.ncbi.nlm.nih.gov/pubmed/25414490
822,ftp://ftp.ncbi.nlm.nih.gov/genomes/all/GCA_000756025.2_ASM75602v2,bmai,http://www.ncbi.nlm.nih.gov/pubmed/25414490
823,ftp://ftp.ncbi.nlm.nih.gov/genomes/all/GCA_000755785.1_ASM75578v1,bmaf,http://www.ncbi.nlm.nih.gov/pubmed/25414490
824,ftp://ftp.ncbi.nlm.nih.gov/genomes/all/GCA_000762285.1_ASM76228v1,bmaz,http://www.ncbi.nlm.nih.gov/pubmed/25414490
825,ftp://ftp.ncbi.nlm.nih.gov/genomes/all/GCA_000959165.1_ASM95916v1,bmab,
826,ftp://ftp.ncbi.nlm.nih.gov/genomes/all/GCF_000011545.1_ASM1154v1,bps,http://www.ncbi.nlm.nih.gov/pubmed/15377794
827,ftp://ftp.ncbi.nlm.nih.gov/genomes/all/GCA_000012785.1_ASM1278v1,bpm,
828,ftp://ftp.ncbi.nlm.nih.gov/genomes/all/GCA_000015925.1_ASM1592v1,bpl,
829,ftp://ftp.ncbi.nlm.nih.gov/genomes/all/GCA_000015905.1_ASM1590v1,bpd,
830,ftp://ftp.ncbi.nlm.nih.gov/genomes/all/GCA_000182585.2_ASM18258v2,bpr,
831,ftp://ftp.ncbi.nlm.nih.gov/genomes/all/GCA_000439695.1_ASM43969v1,bpse,http://www.ncbi.nlm.nih.gov/pubmed/23969058
832,ftp://ftp.ncbi.nlm.nih.gov/genomes/all/GCA_000520895.1_ASM52089v1,bpsm,http://www.ncbi.nlm.nih.gov/pubmed/25931592
833,ftp://ftp.ncbi.nlm.nih.gov/genomes/all/GCA_000521645.1_ASM52164v1,bpsu,http://www.ncbi.nlm.nih.gov/pubmed/25931592
834,ftp://ftp.ncbi.nlm.nih.gov/genomes/all/GCA_000583835.1_ASM58383v1,bpsd,http://www.ncbi.nlm.nih.gov/pubmed/25931592
835,ftp://ftp.ncbi.nlm.nih.gov/genomes/all/GCA_000260515.1_ASM26051v1,bpz,http://www.ncbi.nlm.nih.gov/pubmed/22615773
837,ftp://ftp.ncbi.nlm.nih.gov/genomes/all/GCA_000494855.1_ASM49485v1,bpk,http://www.ncbi.nlm.nih.gov/pubmed/25931592
838,ftp://ftp.ncbi.nlm.nih.gov/genomes/all/GCA_000755925.1_ASM75592v1,bpsh,http://www.ncbi.nlm.nih.gov/pubmed/25414490
839,ftp://ftp.ncbi.nlm.nih.gov/genomes/all/GCA_000764575.1_ASM76457v1,bpsa,http://www.ncbi.nlm.nih.gov/pubmed/25931592
840,ftp://ftp.ncbi.nlm.nih.gov/genomes/all/GCA_000770535.1_ASM77053v1,bpso,http://www.ncbi.nlm.nih.gov/pubmed/25676747
841,ftp://ftp.ncbi.nlm.nih.gov/genomes/all/GCA_000012365.1_ASM1236v1,bte,http://www.ncbi.nlm.nih.gov/pubmed/16336651
842,ftp://ftp.ncbi.nlm.nih.gov/genomes/all/GCA_000567925.1_ASM56792v1,btq,http://www.ncbi.nlm.nih.gov/pubmed/25931592
843,ftp://ftp.ncbi.nlm.nih.gov/genomes/all/GCA_000567945.1_ASM56794v1,btj,http://www.ncbi.nlm.nih.gov/pubmed/25931592
844,ftp://ftp.ncbi.nlm.nih.gov/genomes/all/GCA_000567905.1_ASM56790v1,btz,http://www.ncbi.nlm.nih.gov/pubmed/25931592
845,ftp://ftp.ncbi.nlm.nih.gov/genomes/all/GCA_000385525.1_ASM38552v1,btd,http://www.ncbi.nlm.nih.gov/pubmed/25931592
846,ftp://ftp.ncbi.nlm.nih.gov/genomes/all/GCA_000764595.1_ASM76459v1,btv,
847,ftp://ftp.ncbi.nlm.nih.gov/genomes/all/GCA_000765375.1_ASM76537v1,bthe,http://www.ncbi.nlm.nih.gov/pubmed/25931592
848,ftp://ftp.ncbi.nlm.nih.gov/genomes/all/GCA_000706745.1_ASM70674v1,bthm,http://www.ncbi.nlm.nih.gov/pubmed/25931592
849,ftp://ftp.ncbi.nlm.nih.gov/genomes/all/GCA_000808035.2_ASM80803v2,btha,http://www.ncbi.nlm.nih.gov/pubmed/25414490
850,ftp://ftp.ncbi.nlm.nih.gov/genomes/all/GCA_000959425.1_ASM95942v1,bthl,
851,ftp://ftp.ncbi.nlm.nih.gov/genomes/all/GCA_000755985.1_ASM75598v1,bok,http://www.ncbi.nlm.nih.gov/pubmed/25414490
852,ftp://ftp.ncbi.nlm.nih.gov/genomes/all/GCA_000959365.1_ASM95936v1,boc,
853,ftp://ftp.ncbi.nlm.nih.gov/genomes/all/GCA_000770565.1_ASM77056v1,but,http://www.ncbi.nlm.nih.gov/pubmed/25676747
854,ftp://ftp.ncbi.nlm.nih.gov/genomes/all/GCA_000016205.1_ASM1620v1,bvi,
855,ftp://ftp.ncbi.nlm.nih.gov/genomes/all/GCA_000959445.1_ASM95944v1,bve,http://www.ncbi.nlm.nih.gov/pubmed/25931592
856,ftp://ftp.ncbi.nlm.nih.gov/genomes/all/GCA_000012945.1_ASM1294v1,bur,
857,ftp://ftp.ncbi.nlm.nih.gov/genomes/all/GCA_000014085.1_ASM1408v1,bcn,
858,ftp://ftp.ncbi.nlm.nih.gov/genomes/all/GCA_000203955.1_ASM20395v1,bch,
859,ftp://ftp.ncbi.nlm.nih.gov/genomes/all/GCA_000019505.1_ASM1950v1,bcm,
860,ftp://ftp.ncbi.nlm.nih.gov/genomes/all/GCA_000009485.1_ASM948v1,bcj,http://www.ncbi.nlm.nih.gov/pubmed/18931103
861,ftp://ftp.ncbi.nlm.nih.gov/genomes/all/GCA_000755725.1_ASM75572v1,bcen,http://www.ncbi.nlm.nih.gov/pubmed/25414490
862,ftp://ftp.ncbi.nlm.nih.gov/genomes/all/GCA_000764955.1_ASM76495v1,bcew,http://www.ncbi.nlm.nih.gov/pubmed/25414490
863,ftp://ftp.ncbi.nlm.nih.gov/genomes/all/GCA_000236215.4_ASM23621v4,bceo,http://www.ncbi.nlm.nih.gov/pubmed/24723723
864,ftp://ftp.ncbi.nlm.nih.gov/genomes/all/GCA_000203915.1_ASM20391v1,bam,
865,ftp://ftp.ncbi.nlm.nih.gov/genomes/all/GCA_000019925.1_ASM1992v1,bac,
866,ftp://ftp.ncbi.nlm.nih.gov/genomes/all/GCA_000018505.1_ASM1850v1,bmu,
868,ftp://ftp.ncbi.nlm.nih.gov/genomes/all/GCA_000756005.1_ASM75600v1,bmk,http://www.ncbi.nlm.nih.gov/pubmed/25414490
869,ftp://ftp.ncbi.nlm.nih.gov/genomes/all/GCA_000959525.1_ASM95952v1,bmul,
870,ftp://ftp.ncbi.nlm.nih.gov/genomes/all/GCA_000292915.1_ASM29291v1,bct,http://www.ncbi.nlm.nih.gov/pubmed/23105060
871,ftp://ftp.ncbi.nlm.nih.gov/genomes/all/GCA_000755805.1_ASM75580v1,bced,http://www.ncbi.nlm.nih.gov/pubmed/25414490
872,ftp://ftp.ncbi.nlm.nih.gov/genomes/all/GCA_000959505.1_ASM95950v1,bdl,http://www.ncbi.nlm.nih.gov/pubmed/25931592
873,ftp://ftp.ncbi.nlm.nih.gov/genomes/all/GCA_001028665.1_ASM102866v1,bpyr,
874,ftp://ftp.ncbi.nlm.nih.gov/genomes/all/GCA_001029145.1_ASM102914v1,bcon,
875,ftp://ftp.ncbi.nlm.nih.gov/genomes/all/GCA_000013645.1_ASM1364v1,bxe,http://www.ncbi.nlm.nih.gov/pubmed/17030797
876,ftp://ftp.ncbi.nlm.nih.gov/genomes/all/GCA_000756045.1_ASM75604v1,bxb,http://www.ncbi.nlm.nih.gov/pubmed/25414490
877,ftp://ftp.ncbi.nlm.nih.gov/genomes/all/GCA_000020045.1_ASM2004v1,bph,
878,ftp://ftp.ncbi.nlm.nih.gov/genomes/all/GCA_000020125.1_ASM2012v1,bpy,http://www.ncbi.nlm.nih.gov/pubmed/21551308
879,ftp://ftp.ncbi.nlm.nih.gov/genomes/all/GCA_000022645.2_ASM2264v1,bgl,http://www.ncbi.nlm.nih.gov/pubmed/19329631
880,ftp://ftp.ncbi.nlm.nih.gov/genomes/all/GCA_000835205.1_ASM83520v1,bgp,http://www.ncbi.nlm.nih.gov/pubmed/25848987
881,ftp://ftp.ncbi.nlm.nih.gov/genomes/all/GCA_000960995.1_ASM96099v1,bgu,http://www.ncbi.nlm.nih.gov/pubmed/25931592
882,ftp://ftp.ncbi.nlm.nih.gov/genomes/all/GCA_000176935.2_ASM17693v2,bug,
883,ftp://ftp.ncbi.nlm.nih.gov/genomes/all/GCA_000092885.1_ASM9288v1,bge,http://www.ncbi.nlm.nih.gov/pubmed/23209196
884,ftp://ftp.ncbi.nlm.nih.gov/genomes/all/GCA_000148685.1_ASM14868v1,bgf,
886,ftp://ftp.ncbi.nlm.nih.gov/genomes/all/GCA_000194745.1_ASM19474v1,bgd,http://www.ncbi.nlm.nih.gov/pubmed/21478339
887,ftp://ftp.ncbi.nlm.nih.gov/genomes/all/GCA_000959725.1_ASM95972v1,bgo,http://www.ncbi.nlm.nih.gov/pubmed/25931592
888,ftp://ftp.ncbi.nlm.nih.gov/genomes/all/GCA_000236065.1_ASM23606v1,byi,http://www.ncbi.nlm.nih.gov/pubmed/22275096
889,ftp://ftp.ncbi.nlm.nih.gov/genomes/all/GCA_000262695.1_ASM26269v1,buk,http://www.ncbi.nlm.nih.gov/pubmed/22843575
890,ftp://ftp.ncbi.nlm.nih.gov/genomes/all/GCA_000300095.1_ASM30009v1,bpx,http://www.ncbi.nlm.nih.gov/pubmed/23144415
891,ftp://ftp.ncbi.nlm.nih.gov/genomes/all/GCA_000402035.1_ASM40203v1,buo,http://www.ncbi.nlm.nih.gov/pubmed/23833137
892,ftp://ftp.ncbi.nlm.nih.gov/genomes/all/GCA_000828875.1_ASM82887v1,bue,http://www.ncbi.nlm.nih.gov/pubmed/24948758
893,ftp://ftp.ncbi.nlm.nih.gov/genomes/all/GCA_000959325.1_ASM95932v1,bul,http://www.ncbi.nlm.nih.gov/pubmed/25931592
894,ftp://ftp.ncbi.nlm.nih.gov/genomes/all/GCA_000959245.1_ASM95924v1,bub,http://www.ncbi.nlm.nih.gov/pubmed/25931592
895,ftp://ftp.ncbi.nlm.nih.gov/genomes/all/GCA_000961515.1_ASM96151v1,bfn,http://www.ncbi.nlm.nih.gov/pubmed/25931592
913,ftp://ftp.ncbi.nlm.nih.gov/genomes/all/GCA_000195675.1_ASM19567v1,bbr,http://www.ncbi.nlm.nih.gov/pubmed/12910271
914,ftp://ftp.ncbi.nlm.nih.gov/genomes/all/GCA_000317955.1_ASM31795v1,bbm,http://www.ncbi.nlm.nih.gov/pubmed/23051057
915,ftp://ftp.ncbi.nlm.nih.gov/genomes/all/GCF_000318015.1_ASM31801v1,bbh,http://www.ncbi.nlm.nih.gov/pubmed/23051057
916,ftp://ftp.ncbi.nlm.nih.gov/genomes/all/GCA_000829175.1_ASM82917v1,bbx,http://www.ncbi.nlm.nih.gov/pubmed/24831150
917,ftp://ftp.ncbi.nlm.nih.gov/genomes/all/GCA_000067205.1_ASM6720v1,bpt,http://www.ncbi.nlm.nih.gov/pubmed/18826580
922,ftp://ftp.ncbi.nlm.nih.gov/genomes/all/GCA_000967095.1_A.x.NH44784-1996,axo,http://www.ncbi.nlm.nih.gov/pubmed/23894309
923,ftp://ftp.ncbi.nlm.nih.gov/genomes/all/GCA_000508285.1_ASM50828v1,axn,
924,ftp://ftp.ncbi.nlm.nih.gov/genomes/all/GCA_000758265.1_ASM75826v1,axs,
925,ftp://ftp.ncbi.nlm.nih.gov/genomes/all/GCA_000276685.1_ASM27668v1,tea,http://www.ncbi.nlm.nih.gov/pubmed/22541164
926,ftp://ftp.ncbi.nlm.nih.gov/genomes/all/GCA_000367245.1_ASM36724v1,teg,http://www.ncbi.nlm.nih.gov/pubmed/22541164
927,ftp://ftp.ncbi.nlm.nih.gov/genomes/all/GCA_000226625.1_ASM22662v1,tas,http://www.ncbi.nlm.nih.gov/pubmed/22235352
928,ftp://ftp.ncbi.nlm.nih.gov/genomes/all/GCA_000367225.1_ASM36722v1,tat,http://www.ncbi.nlm.nih.gov/pubmed/22541164
929,ftp://ftp.ncbi.nlm.nih.gov/genomes/all/GCA_000521505.1_ASM52150v1,amim,http://www.ncbi.nlm.nih.gov/pubmed/24739217
933,ftp://ftp.ncbi.nlm.nih.gov/genomes/all/GCA_000176855.2_ASM17685v2,aaa,
935,ftp://ftp.ncbi.nlm.nih.gov/genomes/all/GCA_000214395.1_ASM21439v1,del,
936,ftp://ftp.ncbi.nlm.nih.gov/genomes/all/GCA_000184745.1_ASM18474v1,vpe,http://www.ncbi.nlm.nih.gov/pubmed/24158554
937,ftp://ftp.ncbi.nlm.nih.gov/genomes/all/GCA_000463015.1_ASM46301v1,vpd,http://www.ncbi.nlm.nih.gov/pubmed/24245581
943,ftp://ftp.ncbi.nlm.nih.gov/genomes/all/GCA_000786695.1_ASM78669v1,care,
949,ftp://ftp.ncbi.nlm.nih.gov/genomes/all/GCA_000349945.1_ASM34994v1,aza,http://www.ncbi.nlm.nih.gov/pubmed/22328754
950,ftp://ftp.ncbi.nlm.nih.gov/genomes/all/GCA_001190925.1_ASM119092v1,azi,
1090,ftp://ftp.ncbi.nlm.nih.gov/genomes/all/GCA_000092245.1_ASM9224v1,ant,http://www.ncbi.nlm.nih.gov/pubmed/21304714
1091,ftp://ftp.ncbi.nlm.nih.gov/genomes/all/GCA_000284235.1_ASM28423v1,arc,http://www.ncbi.nlm.nih.gov/pubmed/22038970
1126,ftp://ftp.ncbi.nlm.nih.gov/genomes/all/GCA_000219105.1_ASM21910v1,mfu,http://www.ncbi.nlm.nih.gov/pubmed/21868801
1127,ftp://ftp.ncbi.nlm.nih.gov/genomes/all/GCA_000331735.1_ASM33173v1,msd,http://www.ncbi.nlm.nih.gov/pubmed/23516218
1129,ftp://ftp.ncbi.nlm.nih.gov/genomes/all/GCA_000418325.1_ASM41832v1,scu,http://www.ncbi.nlm.nih.gov/pubmed/23812535
1205,ftp://ftp.ncbi.nlm.nih.gov/genomes/all/GCF_000185905.1_ASM18590v1,mci,
1218,ftp://ftp.ncbi.nlm.nih.gov/genomes/all/GCA_000265205.2_ASM26520v2,sfd,http://www.ncbi.nlm.nih.gov/pubmed/22843606
1223,ftp://ftp.ncbi.nlm.nih.gov/genomes/all/GCA_000020265.1_ASM2026v1,rec,
1225,ftp://ftp.ncbi.nlm.nih.gov/genomes/all/GCA_000698845.1_ASM69884v1,rei,
1226,ftp://ftp.ncbi.nlm.nih.gov/genomes/all/GCA_000816125.1_ASM81612v1,rep,
1235,ftp://ftp.ncbi.nlm.nih.gov/genomes/all/GCA_000816845.1_ASM81684v1,rga,
1329,ftp://ftp.ncbi.nlm.nih.gov/genomes/all/GCA_000015985.1_ASM1598v1,rsh,
1331,ftp://ftp.ncbi.nlm.nih.gov/genomes/all/GCA_000021005.1_ASM2100v1,rsk,http://www.ncbi.nlm.nih.gov/pubmed/19028901
1366,ftp://ftp.ncbi.nlm.nih.gov/genomes/all/GCA_000202835.1_ASM20283v1,amv,
1380,ftp://ftp.ncbi.nlm.nih.gov/genomes/all/GCA_000283655.1_ASM28365v1,ali,http://www.ncbi.nlm.nih.gov/pubmed/22216014
